word,frequency
game,8
community,6
cop,6
player,6
end,6
police,5
people,5
member,4
s,3
share,3
result,3
see,2
action,2
insight,2
scenario,2
analysis,2
play,2
main,2
possible,2
life,2
show,2
different,2
base,2
immediate,2
effect,2
reflection,2
interpretation,1
multiplayer,1
explain,1
story,1
regulary,1
time,1
partner,1
curiosity,1
info,1
progress,1
possibility,1
improve,1
recur,1
yes,1
officer,1
witness,1
anonymous,1
learn,1
bewilderment,1
nuanced,1
surprising,1
insightful,1
choice,1
bad,1
vulnerability,1
setting,1
gather,1
wrong,1
discovery,1
discomfort,1
crowdsource,1
develop,1
stop,1
level,1
new,1
build,1
interact,1
set,1
look,1
pressure,1
plot,1
discover,1
thing,1
relatable,1
illustrative,1
bias,1
opinion,1
design,1
protagonist,1
later,1
parciticipant,1
image,1
part,1
policing,1
structure,1
recognize,1
distribute,1
give,1
second,1
gain,1
current,1
reverse,1
deal,1
idea,1
engage,1
similar,1
report,1
visual,1
broad,1
difference,1
feedback,1
produce,1
character,1
licensed,1
explicit,1
shame,1
multichoice,1
role,1
no,1
happen,1
criminal,1
mandatory,1
question,1
voluntarily,1
cool,1
act,1
perspective,1
nameless,1
area,1
statistic,1
evolve,1
move,1
subject,1
